,PDBID,CHAIN,WILD_RES,SEQ Position,MUTANT_RES,DDG,EXP_DDG
0,1AMQ,A,C,180,Y,-2.3,-1.05
1,1AMQ,A,C,180,F,-1.6,-0.9
2,1AMQ,A,C,180,W,-3.9,-2.25
3,1AMQ,A,C,180,S,-1.9,-1.44
4,1BNI,A,F,7,L,-4.1,-4.35
5,1BNI,A,L,14,A,-4.5,-4.51
6,1BNI,A,T,26,A,-1.7,-1.95
7,1BNI,A,I,51,V,-1.1,-1.66
8,1BNI,A,I,76,A,-1.7,-1.71
9,1BNI,A,I,76,V,-1.0,-0.87
10,1BNI,A,Y,78,F,-1.1,-1.35
11,1BNI,A,I,88,A,-4.0,-4.01
12,1BNI,A,I,88,V,-1.6,-1.41
13,1BNI,A,L,89,V,-0.5,-0.3
14,1BNI,A,S,91,A,-2.4,-1.84
15,1BNI,A,I,96,A,-3.2,-3.31
16,1BNI,A,I,96,V,-3.1,-0.97
17,1CEY,A,D,11,A,2.5,2.5
18,1CEY,A,D,12,A,2.7,2.7
19,1CEY,A,D,56,A,3.3,3.3
20,1EY0,A,T,22,C,-0.9,-0.95
21,1EY0,A,T,22,V,-0.9,-0.85
22,1EY0,A,V,23,L,-0.1,-0.02
23,1EY0,A,L,25,I,-1.7,-1.83
24,1EY0,A,T,33,V,0.4,0.47
25,1EY0,A,T,41,C,0.6,0.74
26,1EY0,A,T,41,I,0.7,0.86
27,1EY0,A,T,41,S,-1.1,-0.88
28,1EY0,A,T,41,V,0.8,0.9
29,1EY0,A,T,44,V,0.1,0.09
30,1EY0,A,S,59,A,0.5,0.62
31,1EY0,A,T,62,S,-2.1,-2.15
32,1EY0,A,T,62,V,-0.2,0.1
33,1EY0,A,V,66,I,-1.0,-0.76
34,1EY0,A,V,66,L,-0.3,0.37
35,1EY0,A,V,66,K,-7.5,-4.83
36,1EY0,A,I,72,L,-0.2,-0.23
37,1EY0,A,I,72,V,-1.2,-1.79
38,1EY0,A,T,82,S,-0.7,-0.75
39,1EY0,A,I,92,V,-0.4,-0.46
40,1EY0,A,K,116,G,1.0,1.05
41,1EY0,A,T,120,C,-1.7,-1.59
42,1EY0,A,T,120,S,-0.6,-0.57
43,1EY0,A,T,120,V,-1.8,-1.63
44,1EY0,A,S,128,A,0.7,0.83
45,1IHB,A,F,71,N,0.7,0.46
46,1IHB,A,F,82,Q,-0.4,-0.37
47,1IHB,A,F,92,N,-1.1,-0.71
48,1LZ1,A,V,2,A,-1.5,-1.51
49,1LZ1,A,V,2,G,-1.3,-2.3
50,1LZ1,A,V,2,S,-1.4,-1.41
51,1LZ1,A,V,2,Y,-0.4,-0.36
52,1LZ1,A,V,2,D,-1.4,-1.44
53,1LZ1,A,V,2,N,-1.3,-1.34
54,1LZ1,A,V,2,R,-0.4,-0.38
55,1LZ1,A,V,2,L,0.3,-0.05
56,1LZ1,A,V,2,M,-0.2,-0.31
57,1LZ1,A,V,2,F,-0.8,-0.86
58,1LZ1,A,Y,20,F,-0.5,-0.5
59,1LZ1,A,I,23,A,-2.5,-2.54
60,1LZ1,A,I,23,V,-0.4,-0.36
61,1LZ1,A,Y,38,F,-0.2,-0.19
62,1LZ1,A,Y,45,F,0.1,0.07
63,1LZ1,A,Y,54,F,-1.0,-0.96
64,1LZ1,A,I,56,A,-3.7,-3.71
65,1LZ1,A,I,56,T,-4.3,-4.31
66,1LZ1,A,I,56,V,-1.2,-1.2
67,1LZ1,A,I,59,A,-1.7,-1.72
68,1LZ1,A,I,59,G,-3.8,-3.83
69,1LZ1,A,I,59,V,-1.1,-1.1
70,1LZ1,A,Y,63,F,-0.2,-0.24
71,1LZ1,A,V,74,A,-0.4,-0.36
72,1LZ1,A,V,74,G,-0.1,-0.22
73,1LZ1,A,V,74,I,-1.9,0.45
74,1LZ1,A,V,74,L,-0.4,0.19
75,1LZ1,A,V,74,M,-0.4,0.65
76,1LZ1,A,V,74,F,0.0,-0.29
77,1LZ1,A,V,74,Y,-0.3,-0.24
78,1LZ1,A,V,74,D,-0.4,-0.43
79,1LZ1,A,V,74,N,-0.3,-0.33
80,1LZ1,A,V,74,R,-0.1,-0.07
81,1LZ1,A,V,74,S,-0.4,-0.38
82,1LZ1,A,C,77,A,-4.6,-4.6
83,1LZ1,A,I,89,A,-2.7,-2.7
84,1LZ1,A,I,89,V,-0.5,-0.48
85,1LZ1,A,V,93,A,-0.7,-0.74
86,1LZ1,A,V,99,A,-1.0,-0.98
87,1LZ1,A,V,100,A,-0.3,-0.26
88,1LZ1,A,I,106,A,-0.9,-0.93
89,1LZ1,A,I,106,V,-0.7,-0.72
90,1LZ1,A,V,110,A,0.5,0.53
91,1LZ1,A,V,110,D,0.2,0.17
92,1LZ1,A,V,110,G,-2.2,0.48
93,1LZ1,A,V,110,I,-0.8,0.86
94,1LZ1,A,V,110,L,0.1,0.07
95,1LZ1,A,V,110,M,0.4,0.53
96,1LZ1,A,V,110,N,0.1,0.07
97,1LZ1,A,V,110,R,0.9,0.89
98,1LZ1,A,V,110,F,-1.9,-0.05
99,1LZ1,A,V,110,Y,-0.1,-0.14
100,1LZ1,A,V,121,A,-1.4,-1.44
101,1LZ1,A,Y,124,F,-0.4,-0.36
102,1LZ1,A,V,125,A,-1.3,-1.32
103,1LZ1,A,V,130,A,-0.8,-0.84
104,1OH0,A,Y,32,F,0.2,0.2
105,1OH0,A,Y,57,F,-1.2,-1.22
106,1RN1,C,Q,25,K,1.4,0.88
107,1VQB,A,I,47,L,-0.4,-0.28
108,1VQB,A,I,47,M,-1.7,-1.0
109,1VQB,A,I,47,V,-2.0,-1.18
110,1VQB,A,V,35,I,-0.6,-0.32
111,1VQB,A,Y,41,F,-3.2,-0.3
112,2LZM,A,I,3,L,0.7,0.77
113,2LZM,A,I,3,C,0.0,0.07
114,2LZM,A,I,3,Y,-2.3,-2.39
115,2LZM,A,I,3,V,-0.4,-0.45
116,2LZM,A,M,6,I,-1.4,-3.1
117,2LZM,A,K,16,E,0.5,0.15
118,2LZM,A,S,38,D,0.6,-0.01
119,2LZM,A,N,55,G,-0.6,-0.58
120,2LZM,A,G,77,A,0.4,-0.2
121,2LZM,A,R,96,H,-3.1,-2.91
122,2LZM,A,A,98,V,-4.9,-4.98
123,2LZM,A,Q,105,A,-0.6,-0.68
124,2LZM,A,Q,105,E,-1.1,-0.94
125,2LZM,A,Q,105,G,-1.5,-2.3
126,2LZM,A,G,113,A,0.3,0.39
127,2LZM,A,T,115,E,0.3,0.03
128,2LZM,A,N,116,D,0.6,0.47
129,2LZM,A,R,119,E,0.0,-0.06
130,2LZM,A,Q,123,E,0.4,0.27
131,2LZM,A,K,124,G,-0.1,-0.08
132,2LZM,A,V,131,A,0.3,0.3
133,2LZM,A,V,131,D,0.1,0.08
134,2LZM,A,V,131,G,-0.7,-0.68
135,2LZM,A,V,131,I,0.2,0.16
136,2LZM,A,V,131,L,0.1,0.09
137,2LZM,A,V,131,S,-0.1,-0.05
138,2LZM,A,V,131,M,0.1,0.12
139,2LZM,A,V,131,E,0.2,0.2
140,2LZM,A,L,133,A,-4.2,-4.19
141,2LZM,A,K,135,E,-1.0,-0.83
142,2LZM,A,N,144,D,0.4,0.39
143,2LZM,A,K,147,E,-0.7,-0.53
144,2LZM,A,V,149,C,-2.2,-2.2
145,2LZM,A,T,152,S,-2.6,-2.6
146,2LZM,A,R,154,E,-1.1,-0.65
147,2LZM,A,G,156,D,-2.3,-3.03
148,2LZM,A,T,157,A,-0.5,-0.9
149,2LZM,A,T,157,C,-1.3,-1.3
150,2LZM,A,T,157,D,-1.1,-2.12
151,2LZM,A,T,157,E,-0.8,-1.22
152,2LZM,A,T,157,F,-2.4,-3.73
153,2LZM,A,T,157,G,-1.1,-1.1
154,2LZM,A,T,157,H,-2.1,-2.1
155,2LZM,A,T,157,I,-1.5,-1.79
156,2LZM,A,T,157,L,-1.7,-1.63
157,2LZM,A,T,157,N,-1.2,-0.99
158,2LZM,A,T,157,R,0.3,-0.54
159,2LZM,A,T,157,S,-0.7,-0.66
160,2LZM,A,T,157,V,-1.2,-1.49
161,2RN2,A,D,10,N,0.9,0.99
162,2RN2,A,E,48,Q,0.2,0.15
163,2RN2,A,A,52,F,-0.5,-0.5
164,2RN2,A,A,52,I,1.9,1.9
165,2RN2,A,A,52,L,1.3,1.3
166,2RN2,A,A,52,V,1.7,1.7
167,2RN2,A,H,62,A,0.4,0.44
168,2RN2,A,D,70,N,0.9,0.89
169,2RN2,A,V,74,L,1.0,0.97
170,2RN2,A,V,74,I,0.6,0.64
171,2RN2,A,G,77,A,-0.9,-0.9
172,2RN2,A,K,95,A,0.1,0.1
173,2RN2,A,K,95,G,1.9,1.83
174,2RN2,A,K,95,N,0.9,0.89
175,2RN2,A,D,134,A,2.1,1.42
176,2RN2,A,D,134,H,2.3,1.42
177,2RN2,A,D,134,N,1.0,0.81
178,4LYZ,A,M,12,F,0.5,0.28
179,4LYZ,A,M,12,L,-0.4,-0.57
180,4LYZ,A,T,40,S,-0.3,-0.27
181,4LYZ,A,G,49,A,-0.7,-1.91
182,4LYZ,A,I,55,V,-0.9,-0.91
183,4LYZ,A,I,58,M,-1.2,-1.18
184,4LYZ,A,G,67,A,-0.5,-1.19
185,4LYZ,A,G,71,A,-2.1,-0.38
186,4LYZ,A,I,78,M,-0.9,-0.9
187,4LYZ,A,S,91,A,-0.2,-0.15
188,4LYZ,A,S,91,T,1.0,0.99
189,4LYZ,A,I,98,M,-0.9,-0.9
190,4LYZ,A,G,102,A,-1.2,0.02
191,4LYZ,A,G,117,A,-0.8,-1.46
192,5PTI,A,F,22,A,-1.2,-1.11
193,5PTI,A,Y,35,G,-5.0,-5.0
