,PDBID,CHAIN,WILD_RES,RES_NUM_PDB,MUTANT_RES,Category,PH,TEMPERATURE,EXP_DDG
0,1AMQ,A,C,191,Y,Forward,7.5,25,-2.3
1,1AMQ,A,C,191,F,Forward,7.5,25,-1.6
2,1AMQ,A,C,191,W,Forward,7.5,25,-3.9
3,1AMQ,A,C,191,S,Forward,7.5,25,-1.9
4,1BNI,A,F,7,L,Forward,6.2,25,-4.1
5,1BNI,A,L,14,A,Forward,6.3,25,-4.5
6,1BNI,A,T,26,A,Forward,6.3,25,-1.7
7,1BNI,A,I,51,V,Forward,6.3,25,-1.1
8,1BNI,A,I,76,A,Forward,6.3,25,-1.7
9,1BNI,A,I,76,V,Forward,6.3,25,-1
10,1BNI,A,Y,78,F,Forward,6.3,25,-1.1
11,1BNI,A,I,88,A,Forward,6.3,25,-4
12,1BNI,A,I,88,V,Forward,6.3,25,-1.6
13,1BNI,A,L,89,V,Forward,6.3,25,-0.5
14,1BNI,A,S,91,A,Forward,6.3,25,-2.4
15,1BNI,A,I,96,A,Forward,6.3,25,-3.2
16,1BNI,A,I,96,V,Forward,6.3,25,-3.1
17,1CEY,A,D,12,A,Forward,7,25,2.5
18,1CEY,A,D,13,A,Forward,7,25,2.7
19,1CEY,A,D,57,A,Forward,7,25,3.3
20,1EY0,A,T,22,C,Forward,7,20,-0.9
21,1EY0,A,T,22,V,Forward,7,20,-0.9
22,1EY0,A,V,23,L,Forward,7,20,-0.1
23,1EY0,A,L,25,I,Forward,7,20,-1.7
24,1EY0,A,T,33,V,Forward,7,20,0.4
25,1EY0,A,T,41,C,Forward,7,20,0.6
26,1EY0,A,T,41,I,Forward,7,20,0.7
27,1EY0,A,T,41,S,Forward,7,20,-1.1
28,1EY0,A,T,41,V,Forward,7,20,0.8
29,1EY0,A,T,44,V,Forward,7,20,0.1
30,1EY0,A,S,59,A,Forward,7,20,0.5
31,1EY0,A,T,62,S,Forward,7,20,-2.1
32,1EY0,A,T,62,V,Forward,7,20,-0.2
33,1EY0,A,V,66,I,Forward,7,20,-1
34,1EY0,A,V,66,L,Forward,7,20,-0.3
35,1EY0,A,V,66,K,Forward,7,20,-7.5
36,1EY0,A,I,72,L,Forward,7,20,-0.2
37,1EY0,A,I,72,V,Forward,7,20,-1.2
38,1EY0,A,T,82,S,Forward,7,20,-0.7
39,1EY0,A,I,92,V,Forward,7,20,-0.4
40,1EY0,A,K,116,G,Forward,7,20,1
44,1EY0,A,T,120,C,Forward,7,20,-1.7
45,1EY0,A,T,120,S,Forward,7,20,-0.6
46,1EY0,A,T,120,V,Forward,7,20,-1.8
47,1EY0,A,S,128,A,Forward,7,20,0.7
48,1IHB,A,F,71,N,Forward,7.5,23,0.7
49,1IHB,A,F,82,Q,Forward,7.5,23,-0.4
50,1IHB,A,F,92,N,Forward,7.5,23,-1.1
170,1LZ1,A,V,2,A,Forward,2.7,65,-1.5
171,1LZ1,A,V,2,G,Forward,2.7,65,-1.3
172,1LZ1,A,V,2,S,Forward,2.7,65,-1.4
173,1LZ1,A,V,2,Y,Forward,2.7,65,-0.4
174,1LZ1,A,V,2,D,Forward,2.7,65,-1.4
175,1LZ1,A,V,2,N,Forward,2.7,65,-1.3
176,1LZ1,A,V,2,R,Forward,2.7,65,-0.4
177,1LZ1,A,V,2,L,Forward,2.7,65,0.3
178,1LZ1,A,V,2,M,Forward,2.7,65,-0.2
179,1LZ1,A,V,2,F,Forward,2.7,65,-0.8
180,1LZ1,A,Y,20,F,Forward,2.7,65,-0.5
181,1LZ1,A,I,23,A,Forward,2.7,65,-2.5
182,1LZ1,A,I,23,V,Forward,2.7,65,-0.4
183,1LZ1,A,Y,38,F,Forward,2.7,65,-0.2
184,1LZ1,A,Y,45,F,Forward,2.7,65,0.1
186,1LZ1,A,Y,54,F,Forward,2.7,65,-1
187,1LZ1,A,I,56,A,Forward,2.7,65,-3.7
188,1LZ1,A,I,56,T,Forward,2.7,65,-4.3
189,1LZ1,A,I,56,V,Forward,2.7,65,-1.2
190,1LZ1,A,I,59,A,Forward,2.7,65,-1.7
191,1LZ1,A,I,59,G,Forward,2.7,65,-3.8
192,1LZ1,A,I,59,V,Forward,2.7,65,-1.1
193,1LZ1,A,Y,63,F,Forward,2.7,65,-0.2
195,1LZ1,A,V,74,A,Forward,2.7,65,-0.4
196,1LZ1,A,V,74,G,Forward,2.7,65,-0.1
197,1LZ1,A,V,74,I,Forward,2.7,65,-1.9
198,1LZ1,A,V,74,L,Forward,2.7,65,-0.4
199,1LZ1,A,V,74,M,Forward,2.7,65,-0.4
200,1LZ1,A,V,74,F,Forward,2.7,65,0
201,1LZ1,A,V,74,Y,Forward,2.7,65,-0.3
202,1LZ1,A,V,74,D,Forward,2.7,65,-0.4
203,1LZ1,A,V,74,N,Forward,2.7,65,-0.3
204,1LZ1,A,V,74,R,Forward,2.7,65,-0.1
205,1LZ1,A,V,74,S,Forward,2.7,65,-0.4
206,1LZ1,A,C,77,A,Forward,4.5,57,-4.6
207,1LZ1,A,I,89,A,Forward,2.7,65,-2.7
208,1LZ1,A,I,89,V,Forward,2.7,65,-0.5
210,1LZ1,A,V,93,A,Forward,2.7,65,-0.7
211,1LZ1,A,V,99,A,Forward,2.7,65,-1
212,1LZ1,A,V,100,A,Forward,2.7,65,-0.3
214,1LZ1,A,I,106,A,Forward,2.7,65,-0.9
215,1LZ1,A,I,106,V,Forward,2.7,65,-0.7
216,1LZ1,A,V,110,A,Forward,2.7,65,0.5
217,1LZ1,A,V,110,D,Forward,2.7,65,0.2
218,1LZ1,A,V,110,G,Forward,2.7,65,-2.2
219,1LZ1,A,V,110,I,Forward,2.7,65,-0.8
220,1LZ1,A,V,110,L,Forward,2.7,65,0.1
221,1LZ1,A,V,110,M,Forward,2.7,65,0.4
222,1LZ1,A,V,110,N,Forward,2.7,65,0.1
223,1LZ1,A,V,110,R,Forward,2.7,65,0.9
224,1LZ1,A,V,110,F,Forward,2.7,65,-1.9
226,1LZ1,A,V,110,Y,Forward,2.7,65,-0.1
227,1LZ1,A,V,121,A,Forward,2.7,65,-1.4
228,1LZ1,A,Y,124,F,Forward,2.7,65,-0.4
229,1LZ1,A,V,125,A,Forward,2.7,65,-1.3
230,1LZ1,A,V,130,A,Forward,2.7,65,-0.8
231,1OH0,A,Y,32,F,Forward,7,25,0.2
232,1OH0,A,Y,57,F,Forward,7,25,-1.2
233,1RN1,C,Q,25,K,Forward,7,25,1.4
234,1VQB,A,I,47,L,Forward,7.1,25,-0.4
235,1VQB,A,I,47,M,Forward,7.1,25,-1.7
236,1VQB,A,I,47,V,Forward,7.1,25,-2
237,1VQB,A,V,35,I,Forward,7.1,25,-0.6
238,1VQB,A,Y,41,F,Forward,7.1,25,-3.2
239,2LZM,A,I,3,L,Forward,5.4,70,0.7
240,2LZM,A,I,3,C,Forward,6.5,65,0
242,2LZM,A,I,3,Y,Forward,6.5,65,-2.3
243,2LZM,A,I,3,V,Forward,6.5,65,-0.4
244,2LZM,A,M,6,I,Forward,6.5,65,-1.4
245,2LZM,A,K,16,E,Forward,5.3,67,0.5
246,2LZM,A,S,38,D,Forward,5.4,70,0.6
247,2LZM,A,N,55,G,Forward,6.5,42,-0.6
249,2LZM,A,G,77,A,Forward,6.5,65,0.4
259,2LZM,A,R,96,H,Forward,5.4,58,-3.1
266,2LZM,A,A,98,V,Forward,3,40,-4.9
267,2LZM,A,Q,105,A,Forward,5.8,66,-0.6
268,2LZM,A,Q,105,E,Forward,5.8,66,-1.1
269,2LZM,A,Q,105,G,Forward,5.8,66,-1.5
270,2LZM,A,G,113,A,Forward,6.5,65,0.3
271,2LZM,A,T,115,E,Forward,6.5,65,0.3
272,2LZM,A,N,116,D,Forward,5.7,66,0.6
273,2LZM,A,R,119,E,Forward,5.3,67,0
274,2LZM,A,Q,123,E,Forward,6.5,65,0.4
275,2LZM,A,K,124,G,Forward,6.5,42,-0.1
276,2LZM,A,V,131,A,Forward,2,41,0.3
277,2LZM,A,V,131,D,Forward,3,53,0.1
278,2LZM,A,V,131,G,Forward,3,53,-0.7
279,2LZM,A,V,131,I,Forward,3,53,0.2
280,2LZM,A,V,131,L,Forward,3,53,0.1
281,2LZM,A,V,131,S,Forward,3,53,-0.1
282,2LZM,A,V,131,M,Forward,3,53,0.1
283,2LZM,A,V,131,E,Forward,3,53,0.2
284,2LZM,A,L,133,A,Forward,2,41,-4.2
285,2LZM,A,K,135,E,Forward,5.3,67,-1
286,2LZM,A,N,144,D,Forward,5.4,70,0.4
287,2LZM,A,K,147,E,Forward,5.3,67,-0.7
288,2LZM,A,V,149,C,Forward,3,40,-2.2
289,2LZM,A,T,152,S,Forward,3,40,-2.6
290,2LZM,A,R,154,E,Forward,5.3,67,-1.1
291,2LZM,A,G,156,D,Forward,6.5,65,-2.3
292,2LZM,A,T,157,A,Forward,3,54,-0.5
293,2LZM,A,T,157,C,Forward,2,42,-1.3
294,2LZM,A,T,157,D,Forward,2,42,-1.1
295,2LZM,A,T,157,E,Forward,3,54,-0.8
296,2LZM,A,T,157,F,Forward,2,42,-2.4
297,2LZM,A,T,157,G,Forward,2,42,-1.1
298,2LZM,A,T,157,H,Forward,2,42,-2.1
299,2LZM,A,T,157,I,Forward,3,54,-1.5
300,2LZM,A,T,157,L,Forward,3,54,-1.7
301,2LZM,A,T,157,N,Forward,3,54,-1.2
302,2LZM,A,T,157,R,Forward,3,54,0.3
303,2LZM,A,T,157,S,Forward,2,42,-0.7
304,2LZM,A,T,157,V,Forward,3,54,-1.2
305,2RN2,A,D,10,N,Forward,6,50,0.9
306,2RN2,A,E,48,Q,Forward,6,50,0.2
307,2RN2,A,A,52,F,Forward,3.2,53,-0.5
308,2RN2,A,A,52,I,Forward,3.2,53,1.9
309,2RN2,A,A,52,L,Forward,3.2,53,1.3
310,2RN2,A,A,52,V,Forward,3.2,53,1.7
311,2RN2,A,H,62,A,Forward,5.5,25,0.4
313,2RN2,A,D,70,N,Forward,6,50,0.9
314,2RN2,A,V,74,L,Forward,5.5,53,1
315,2RN2,A,V,74,I,Forward,5.5,53,0.6
316,2RN2,A,G,77,A,Forward,3,50,-0.9
317,2RN2,A,K,95,A,Forward,5.5,52,0.1
318,2RN2,A,K,95,G,Forward,5.5,52,1.9
319,2RN2,A,K,95,N,Forward,5.5,52,0.9
320,2RN2,A,D,134,A,Forward,5.5,50,2.1
321,2RN2,A,D,134,H,Forward,5.5,50,2.3
322,2RN2,A,D,134,N,Forward,5.5,50,1
323,4LYZ,A,M,12,F,Forward,5.5,35,0.5
324,4LYZ,A,M,12,L,Forward,5.5,35,-0.4
325,4LYZ,A,T,40,S,Forward,6.4,74,-0.3
326,4LYZ,A,G,49,A,Forward,2.7,25,-0.7
327,4LYZ,A,I,55,V,Forward,6.4,74,-0.9
328,4LYZ,A,I,58,M,Forward,5.5,35,-1.2
329,4LYZ,A,G,67,A,Forward,2.7,25,-0.5
330,4LYZ,A,G,71,A,Forward,2.7,25,-2.1
331,4LYZ,A,I,78,M,Forward,5.5,35,-0.9
332,4LYZ,A,S,91,A,Forward,6.4,74,-0.2
333,4LYZ,A,S,91,T,Forward,6.4,74,1
334,4LYZ,A,I,98,M,Forward,5.5,35,-0.9
335,4LYZ,A,G,102,A,Forward,2.7,25,-1.2
336,4LYZ,A,G,117,A,Forward,2.7,25,-0.8
337,5PTI,A,F,22,A,Forward,2,25,-1.2
339,5PTI,A,Y,35,G,Forward,2,25,-5
